{
    "Q1": [[150, 6], [30, 6]],
    "Q2": [5, 6],
    "Q3": 30,
    "Q4": ["일련번호", "꽃받침 길이", "꽃받침 너비", "꽃잎 길이", "꽃잎 너비", "종류"],
    "Q5": ["세토사", "버시컬러", "버지니카"],
    "Q6": [180, 6],
    "Q7": 2,
    "Q8": [[5.024137931034483, 3.460344827586207, 1.4533333333333334, 0.23793103448275857],  [0.38585077782288, 0.4279447640912641, 0.17608421200526223, 0.10230258902744388]],
    "Q9": [4.5125, 7.4125]
}