{
    "Q1": [[150, 6], [30, 6]],
    "Q2": [5, 6],
    "Q3": 30,
    "Q4": ["일련번호", "꽃받침 길이", "꽃받침 너비", "꽃잎 길이", "꽃잎 너비", "종류"],
    "Q5": ["세토사", "버시컬러", "버지니카"],
    "Q6": [180, 6],
    "Q7": 2,
    "Q8": [[5.024137931034483, 3.460344827586207, 1.4533333333333334, 0.23793103448275857],  [0.38585077782288, 0.4279447640912641, 0.17608421200526223, 0.10230258902744388]],
    "Q9": [4.5125, 7.4125],
    "Q2_01": [178, 14],
    "Q2_02": 0,
    "Q2_03": [0, 1, 2, 3, 4, 5, 6, 7, 8, 9, 10, 11, 12, 13, 14, 15, 16, 17, 18, 19, 20, 21, 22, 23, 24, 26, 27, 28, 29, 30, 31, 32, 33, 34, 35, 36, 37, 38, 39, 40, 41, 42, 43, 44, 45, 46, 47, 48, 49, 50, 51, 52, 53, 54, 55, 56, 57, 58, 60, 61, 62, 63, 64, 65, 66, 67, 68, 70, 71, 72, 74, 75, 76, 77, 79, 80, 81, 82, 83, 84, 85, 86, 87, 88, 89, 90, 91, 92, 93, 94, 96, 97, 98, 99, 100, 101, 102, 103, 104, 105, 106, 107, 108, 109, 111, 112, 113, 114, 116, 117, 118, 119, 120, 122, 124, 125, 126, 128, 129, 130, 131, 132, 133, 134, 135, 136, 138, 139, 140, 141, 142, 143, 144, 145, 146, 147, 148, 149, 150, 152, 153, 154, 155, 156, 157, 160, 161, 162, 163, 164, 165, 167, 168, 169, 170, 171, 172, 174, 175, 176, 177],
    "Q2_04": [-0.8810539464578541, -0.3812050343906177, -0.5823342585176772, -0.07854599360886937, -0.5142255190530619, -0.26259968399958245, -0.7531675827570122, -0.8810539464578541, -0.5969382341667269, -0.604235018287625, -0.4756561697663135, -0.6339027792958869, -0.7916899285741359, -0.6478029315404106],
    "Q2_05": [[161, 13], [161]],
    "Q2_06": [[112, 13], [112], [49, 13], [49]],
    "Q2_07": [112, 13],
    "Q2_08": [2, 2, 2, 2, 3, 2, 1, 3, 2, 2, 1, 3, 2, 2, 1, 1, 1, 1, 1, 3, 2, 1,3, 2, 1, 1, 2, 2, 1, 1, 2, 1, 3, 2, 1, 1, 3, 3, 2, 1, 2, 1, 3, 1, 1, 3, 1, 3, 3, 1, 3, 2, 1, 2, 3, 1, 1, 2, 2, 2, 3, 2, 3, 3, 2, 3,2, 3, 3, 2, 1, 2, 3, 2, 3, 2, 3, 1, 1, 3, 2, 1, 1, 2, 1, 1, 3, 1,1, 3, 2, 1, 3, 1, 3, 1, 1, 3, 1, 1, 1, 3, 1, 1, 1, 1, 1, 1, 3, 3,3, 2],
    "Q2_09": [-1.94083936, -0.33465799, -0.37217978, -0.37644042,  0.00439881,1.09026797,  0.16333061, -1.63461434, -0.44320884, -0.90751933,0.97444916,  0.44455813, -1.30601393],
    "Q2_10": [3, 2, 2, 1, 3, 2, 2, 2, 2, 3, 2, 1, 1, 3, 1, 3, 1, 2, 3, 3, 2, 2,1, 2, 1, 2, 3, 2, 1, 2, 2, 1, 2, 3, 1, 3, 1, 3, 2, 2, 1, 3, 1, 1,2, 2, 3, 2, 2],
    "Q2_11": [[14,  0,  0], [0, 22, 1], [0, 0, 12]],
    "Q2_12": 0.9795918367346939,
    "Q2_13": 1,
    "Q2_14": 140.50856986288167,
    "Q2_15": [[ 1.27846432, -0.81919401],[-0.35682177,  0.01086405],[ 1.38141808,  0.58262732]],
    "Q2_16": 2
}
